<annotation>
  <folder>Definitiva</folder>
  <filename>armas (58)</filename>
  <path>C:\Users\Rob\Desktop\Definitiva\armas (58).jpg</path>
  <source>
    <database>Unknown</database>
  </source>
  <size>
    <width>1300</width>
    <height>866</height>
    <depth>3</depth>
  </size>
  <segmented>0</segmented>
  <object>
    <name>pistol</name>
    <pose>Unspecified</pose>
    <truncated>0</truncated>
    <difficult>0</difficult>
    <bndbox>
      <xmin>84</xmin>
      <ymin>92</ymin>
      <xmax>649</xmax>
      <ymax>488</ymax>
    </bndbox>
  </object>
</annotation>
