<annotation>
  <folder>Definitiva</folder>
  <filename>armas (48)</filename>
  <path>C:\Users\Rob\Desktop\Definitiva\armas (48).jpg</path>
  <source>
    <database>Unknown</database>
  </source>
  <size>
    <width>450</width>
    <height>328</height>
    <depth>3</depth>
  </size>
  <segmented>0</segmented>
  <object>
    <name>pistol</name>
    <pose>Unspecified</pose>
    <truncated>0</truncated>
    <difficult>0</difficult>
    <bndbox>
      <xmin>158</xmin>
      <ymin>21</ymin>
      <xmax>391</xmax>
      <ymax>189</ymax>
    </bndbox>
  </object>
</annotation>
