<annotation>
  <folder>Definitiva</folder>
  <filename>armas (87)</filename>
  <path>C:\Users\Rob\Desktop\Definitiva\armas (87).jpg</path>
  <source>
    <database>Unknown</database>
  </source>
  <size>
    <width>1300</width>
    <height>1108</height>
    <depth>3</depth>
  </size>
  <segmented>0</segmented>
  <object>
    <name>pistol</name>
    <pose>Unspecified</pose>
    <truncated>0</truncated>
    <difficult>0</difficult>
    <bndbox>
      <xmin>839</xmin>
      <ymin>78</ymin>
      <xmax>1052</xmax>
      <ymax>515</ymax>
    </bndbox>
  </object>
</annotation>
