<annotation>
  <folder>Definitiva</folder>
  <filename>armas (41)</filename>
  <path>C:\Users\Rob\Desktop\Definitiva\armas (41).jpg</path>
  <source>
    <database>Unknown</database>
  </source>
  <size>
    <width>1500</width>
    <height>1124</height>
    <depth>3</depth>
  </size>
  <segmented>0</segmented>
  <object>
    <name>pistol</name>
    <pose>Unspecified</pose>
    <truncated>0</truncated>
    <difficult>0</difficult>
    <bndbox>
      <xmin>1126</xmin>
      <ymin>247</ymin>
      <xmax>1287</xmax>
      <ymax>458</ymax>
    </bndbox>
  </object>
</annotation>
