<annotation>
  <folder>Definitiva</folder>
  <filename>armas (85)</filename>
  <path>C:\Users\Rob\Desktop\Definitiva\armas (85).jpg</path>
  <source>
    <database>Unknown</database>
  </source>
  <size>
    <width>1300</width>
    <height>867</height>
    <depth>3</depth>
  </size>
  <segmented>0</segmented>
  <object>
    <name>pistol</name>
    <pose>Unspecified</pose>
    <truncated>0</truncated>
    <difficult>0</difficult>
    <bndbox>
      <xmin>74</xmin>
      <ymin>99</ymin>
      <xmax>319</xmax>
      <ymax>387</ymax>
    </bndbox>
  </object>
</annotation>
