<annotation>
  <folder>Definitiva</folder>
  <filename>armas (89)</filename>
  <path>C:\Users\Rob\Desktop\Definitiva\armas (89).jpg</path>
  <source>
    <database>Unknown</database>
  </source>
  <size>
    <width>168</width>
    <height>113</height>
    <depth>3</depth>
  </size>
  <segmented>0</segmented>
  <object>
    <name>pistol</name>
    <pose>Unspecified</pose>
    <truncated>0</truncated>
    <difficult>0</difficult>
    <bndbox>
      <xmin>32</xmin>
      <ymin>24</ymin>
      <xmax>56</xmax>
      <ymax>80</ymax>
    </bndbox>
  </object>
</annotation>
