<annotation>
  <folder>Definitiva</folder>
  <filename>armas (73)</filename>
  <path>C:\Users\Rob\Desktop\Definitiva\armas (73).jpg</path>
  <source>
    <database>Unknown</database>
  </source>
  <size>
    <width>1001</width>
    <height>1620</height>
    <depth>3</depth>
  </size>
  <segmented>0</segmented>
  <object>
    <name>pistol</name>
    <pose>Unspecified</pose>
    <truncated>0</truncated>
    <difficult>0</difficult>
    <bndbox>
      <xmin>145</xmin>
      <ymin>208</ymin>
      <xmax>620</xmax>
      <ymax>1057</ymax>
    </bndbox>
  </object>
</annotation>
