<annotation>
  <folder>Definitiva</folder>
  <filename>armas (57)</filename>
  <path>C:\Users\Rob\Desktop\Definitiva\armas (57).jpg</path>
  <source>
    <database>Unknown</database>
  </source>
  <size>
    <width>645</width>
    <height>437</height>
    <depth>3</depth>
  </size>
  <segmented>0</segmented>
  <object>
    <name>pistol</name>
    <pose>Unspecified</pose>
    <truncated>0</truncated>
    <difficult>0</difficult>
    <bndbox>
      <xmin>172</xmin>
      <ymin>35</ymin>
      <xmax>424</xmax>
      <ymax>325</ymax>
    </bndbox>
  </object>
</annotation>
