<annotation>
  <folder>Definitiva</folder>
  <filename>armas (68)</filename>
  <path>C:\Users\Rob\Desktop\Definitiva\armas (68).jpg</path>
  <source>
    <database>Unknown</database>
  </source>
  <size>
    <width>168</width>
    <height>113</height>
    <depth>3</depth>
  </size>
  <segmented>0</segmented>
  <object>
    <name>pistol</name>
    <pose>Unspecified</pose>
    <truncated>0</truncated>
    <difficult>0</difficult>
    <bndbox>
      <xmin>100</xmin>
      <ymin>73</ymin>
      <xmax>125</xmax>
      <ymax>100</ymax>
    </bndbox>
  </object>
</annotation>
