<annotation>
  <folder>Definitiva</folder>
  <filename>armas (56)</filename>
  <path>C:\Users\Rob\Desktop\Definitiva\armas (56).jpg</path>
  <source>
    <database>Unknown</database>
  </source>
  <size>
    <width>2314</width>
    <height>1467</height>
    <depth>3</depth>
  </size>
  <segmented>0</segmented>
  <object>
    <name>pistol</name>
    <pose>Unspecified</pose>
    <truncated>0</truncated>
    <difficult>0</difficult>
    <bndbox>
      <xmin>1689</xmin>
      <ymin>914</ymin>
      <xmax>1972</xmax>
      <ymax>1011</ymax>
    </bndbox>
  </object>
  <object>
    <name>pistol</name>
    <pose>Unspecified</pose>
    <truncated>0</truncated>
    <difficult>0</difficult>
    <bndbox>
      <xmin>1720</xmin>
      <ymin>1011</ymin>
      <xmax>2024</xmax>
      <ymax>1121</ymax>
    </bndbox>
  </object>
  <object>
    <name>pistol</name>
    <pose>Unspecified</pose>
    <truncated>0</truncated>
    <difficult>0</difficult>
    <bndbox>
      <xmin>1803</xmin>
      <ymin>1114</ymin>
      <xmax>2172</xmax>
      <ymax>1252</ymax>
    </bndbox>
  </object>
  <object>
    <name>pistol</name>
    <pose>Unspecified</pose>
    <truncated>0</truncated>
    <difficult>0</difficult>
    <bndbox>
      <xmin>2024</xmin>
      <ymin>924</ymin>
      <xmax>2238</xmax>
      <ymax>1007</ymax>
    </bndbox>
  </object>
  <object>
    <name>pistol</name>
    <pose>Unspecified</pose>
    <truncated>0</truncated>
    <difficult>0</difficult>
    <bndbox>
      <xmin>2089</xmin>
      <ymin>1004</ymin>
      <xmax>2310</xmax>
      <ymax>1093</ymax>
    </bndbox>
  </object>
</annotation>
