<annotation>
  <folder>Definitiva</folder>
  <filename>armas (27)</filename>
  <path>C:\Users\Rob\Desktop\Definitiva\armas (27).jpg</path>
  <source>
    <database>Unknown</database>
  </source>
  <size>
    <width>866</width>
    <height>1300</height>
    <depth>3</depth>
  </size>
  <segmented>0</segmented>
  <object>
    <name>pistol</name>
    <pose>Unspecified</pose>
    <truncated>0</truncated>
    <difficult>0</difficult>
    <bndbox>
      <xmin>42</xmin>
      <ymin>382</ymin>
      <xmax>168</xmax>
      <ymax>660</ymax>
    </bndbox>
  </object>
  <object>
    <name>pistol</name>
    <pose>Unspecified</pose>
    <truncated>0</truncated>
    <difficult>0</difficult>
    <bndbox>
      <xmin>708</xmin>
      <ymin>412</ymin>
      <xmax>820</xmax>
      <ymax>684</ymax>
    </bndbox>
  </object>
</annotation>
