<annotation>
  <folder>Definitiva</folder>
  <filename>armas (93)</filename>
  <path>C:\Users\Rob\Desktop\Definitiva\armas (93).jpg</path>
  <source>
    <database>Unknown</database>
  </source>
  <size>
    <width>1300</width>
    <height>867</height>
    <depth>3</depth>
  </size>
  <segmented>0</segmented>
  <object>
    <name>pistol</name>
    <pose>Unspecified</pose>
    <truncated>0</truncated>
    <difficult>0</difficult>
    <bndbox>
      <xmin>331</xmin>
      <ymin>254</ymin>
      <xmax>384</xmax>
      <ymax>379</ymax>
    </bndbox>
  </object>
  <object>
    <name>pistol</name>
    <pose>Unspecified</pose>
    <truncated>0</truncated>
    <difficult>0</difficult>
    <bndbox>
      <xmin>600</xmin>
      <ymin>275</ymin>
      <xmax>686</xmax>
      <ymax>463</ymax>
    </bndbox>
  </object>
  <object>
    <name>pistol</name>
    <pose>Unspecified</pose>
    <truncated>0</truncated>
    <difficult>0</difficult>
    <bndbox>
      <xmin>866</xmin>
      <ymin>277</ymin>
      <xmax>923</xmax>
      <ymax>520</ymax>
    </bndbox>
  </object>
</annotation>
