<annotation>
  <folder>Definitiva</folder>
  <filename>armas (83)</filename>
  <path>C:\Users\Rob\Desktop\Definitiva\armas (83).jpg</path>
  <source>
    <database>Unknown</database>
  </source>
  <size>
    <width>113</width>
    <height>168</height>
    <depth>3</depth>
  </size>
  <segmented>0</segmented>
  <object>
    <name>pistol</name>
    <pose>Unspecified</pose>
    <truncated>0</truncated>
    <difficult>0</difficult>
    <bndbox>
      <xmin>32</xmin>
      <ymin>74</ymin>
      <xmax>73</xmax>
      <ymax>134</ymax>
    </bndbox>
  </object>
</annotation>
