<annotation>
  <folder>Definitiva</folder>
  <filename>armas (84)</filename>
  <path>C:\Users\Rob\Desktop\Definitiva\armas (84).jpg</path>
  <source>
    <database>Unknown</database>
  </source>
  <size>
    <width>450</width>
    <height>295</height>
    <depth>3</depth>
  </size>
  <segmented>0</segmented>
  <object>
    <name>pistol</name>
    <pose>Unspecified</pose>
    <truncated>0</truncated>
    <difficult>0</difficult>
    <bndbox>
      <xmin>205</xmin>
      <ymin>104</ymin>
      <xmax>266</xmax>
      <ymax>166</ymax>
    </bndbox>
  </object>
  <object>
    <name>pistol</name>
    <pose>Unspecified</pose>
    <truncated>0</truncated>
    <difficult>0</difficult>
    <bndbox>
      <xmin>277</xmin>
      <ymin>98</ymin>
      <xmax>348</xmax>
      <ymax>167</ymax>
    </bndbox>
  </object>
</annotation>
