<annotation>
  <folder>Definitiva</folder>
  <filename>armas (7)</filename>
  <path>C:\Users\Rob\Desktop\Definitiva\armas (7).jpg</path>
  <source>
    <database>Unknown</database>
  </source>
  <size>
    <width>1300</width>
    <height>1300</height>
    <depth>3</depth>
  </size>
  <segmented>0</segmented>
  <object>
    <name>pistol</name>
    <pose>Unspecified</pose>
    <truncated>0</truncated>
    <difficult>0</difficult>
    <bndbox>
      <xmin>738</xmin>
      <ymin>590</ymin>
      <xmax>1098</xmax>
      <ymax>1066</ymax>
    </bndbox>
  </object>
</annotation>
