<annotation>
  <folder>Definitiva</folder>
  <filename>armas (9)</filename>
  <path>C:\Users\Rob\Desktop\Definitiva\armas (9).jpg</path>
  <source>
    <database>Unknown</database>
  </source>
  <size>
    <width>866</width>
    <height>1300</height>
    <depth>3</depth>
  </size>
  <segmented>0</segmented>
  <object>
    <name>pistol</name>
    <pose>Unspecified</pose>
    <truncated>0</truncated>
    <difficult>0</difficult>
    <bndbox>
      <xmin>147</xmin>
      <ymin>183</ymin>
      <xmax>327</xmax>
      <ymax>475</ymax>
    </bndbox>
  </object>
</annotation>
