<annotation>
  <folder>Definitiva</folder>
  <filename>armas (94)</filename>
  <path>C:\Users\Rob\Desktop\Definitiva\armas (94).jpg</path>
  <source>
    <database>Unknown</database>
  </source>
  <size>
    <width>682</width>
    <height>1024</height>
    <depth>3</depth>
  </size>
  <segmented>0</segmented>
  <object>
    <name>pistol</name>
    <pose>Unspecified</pose>
    <truncated>0</truncated>
    <difficult>0</difficult>
    <bndbox>
      <xmin>198</xmin>
      <ymin>259</ymin>
      <xmax>234</xmax>
      <ymax>362</ymax>
    </bndbox>
  </object>
</annotation>
