<annotation>
  <folder>Definitiva</folder>
  <filename>armas (52)</filename>
  <path>C:\Users\Rob\Desktop\Definitiva\armas (52).jpg</path>
  <source>
    <database>Unknown</database>
  </source>
  <size>
    <width>450</width>
    <height>299</height>
    <depth>3</depth>
  </size>
  <segmented>0</segmented>
  <object>
    <name>pistol</name>
    <pose>Unspecified</pose>
    <truncated>0</truncated>
    <difficult>0</difficult>
    <bndbox>
      <xmin>65</xmin>
      <ymin>171</ymin>
      <xmax>182</xmax>
      <ymax>228</ymax>
    </bndbox>
  </object>
  <object>
    <name>pistol</name>
    <pose>Unspecified</pose>
    <truncated>0</truncated>
    <difficult>0</difficult>
    <bndbox>
      <xmin>264</xmin>
      <ymin>164</ymin>
      <xmax>379</xmax>
      <ymax>239</ymax>
    </bndbox>
  </object>
</annotation>
