<annotation>
  <folder>Definitiva</folder>
  <filename>armas (54)</filename>
  <path>C:\Users\Rob\Desktop\Definitiva\armas (54).jpg</path>
  <source>
    <database>Unknown</database>
  </source>
  <size>
    <width>800</width>
    <height>1200</height>
    <depth>3</depth>
  </size>
  <segmented>0</segmented>
  <object>
    <name>pistol</name>
    <pose>Unspecified</pose>
    <truncated>0</truncated>
    <difficult>0</difficult>
    <bndbox>
      <xmin>569</xmin>
      <ymin>587</ymin>
      <xmax>681</xmax>
      <ymax>709</ymax>
    </bndbox>
  </object>
</annotation>
