<annotation>
  <folder>Definitiva</folder>
  <filename>armas (71)</filename>
  <path>C:\Users\Rob\Desktop\Definitiva\armas (71).jpg</path>
  <source>
    <database>Unknown</database>
  </source>
  <size>
    <width>638</width>
    <height>479</height>
    <depth>3</depth>
  </size>
  <segmented>0</segmented>
  <object>
    <name>pistol</name>
    <pose>Unspecified</pose>
    <truncated>0</truncated>
    <difficult>0</difficult>
    <bndbox>
      <xmin>304</xmin>
      <ymin>169</ymin>
      <xmax>596</xmax>
      <ymax>362</ymax>
    </bndbox>
  </object>
</annotation>
