<annotation>
	<folder>robber</folder>
	<filename>1.jpg</filename>
	<path>C:\Users\nehas\OneDrive\Desktop\robber\1.jpg</path>
	<source>
		<database>Unknown</database>
	</source>
	<size>
		<width>225</width>
		<height>225</height>
		<depth>3</depth>
	</size>
	<segmented>0</segmented>
	<object>
		<name>robbermask</name>
		<pose>Unspecified</pose>
		<truncated>0</truncated>
		<difficult>0</difficult>
		<bndbox>
			<xmin>12</xmin>
			<ymin>62</ymin>
			<xmax>210</xmax>
			<ymax>156</ymax>
		</bndbox>
	</object>
</annotation>
