<annotation>
	<folder>robber</folder>
	<filename>12.jpg</filename>
	<path>C:\Users\nehas\OneDrive\Desktop\robber\12.jpg</path>
	<source>
		<database>Unknown</database>
	</source>
	<size>
		<width>265</width>
		<height>191</height>
		<depth>3</depth>
	</size>
	<segmented>0</segmented>
	<object>
		<name>robbermask</name>
		<pose>Unspecified</pose>
		<truncated>1</truncated>
		<difficult>0</difficult>
		<bndbox>
			<xmin>21</xmin>
			<ymin>6</ymin>
			<xmax>239</xmax>
			<ymax>191</ymax>
		</bndbox>
	</object>
</annotation>
