<annotation>
	<folder>robber</folder>
	<filename>14.jpg</filename>
	<path>C:\Users\nehas\OneDrive\Desktop\robber\14.jpg</path>
	<source>
		<database>Unknown</database>
	</source>
	<size>
		<width>300</width>
		<height>168</height>
		<depth>3</depth>
	</size>
	<segmented>0</segmented>
	<object>
		<name>robbermask</name>
		<pose>Unspecified</pose>
		<truncated>0</truncated>
		<difficult>0</difficult>
		<bndbox>
			<xmin>41</xmin>
			<ymin>2</ymin>
			<xmax>175</xmax>
			<ymax>111</ymax>
		</bndbox>
	</object>
</annotation>
