<annotation>
	<folder>robber</folder>
	<filename>17.jpg</filename>
	<path>C:\Users\nehas\OneDrive\Desktop\robber\17.jpg</path>
	<source>
		<database>Unknown</database>
	</source>
	<size>
		<width>213</width>
		<height>237</height>
		<depth>3</depth>
	</size>
	<segmented>0</segmented>
	<object>
		<name>robbermask</name>
		<pose>Unspecified</pose>
		<truncated>0</truncated>
		<difficult>0</difficult>
		<bndbox>
			<xmin>30</xmin>
			<ymin>5</ymin>
			<xmax>175</xmax>
			<ymax>190</ymax>
		</bndbox>
	</object>
</annotation>
