<annotation>
	<folder>robber</folder>
	<filename>18.jpg</filename>
	<path>C:\Users\nehas\OneDrive\Desktop\robber\18.jpg</path>
	<source>
		<database>Unknown</database>
	</source>
	<size>
		<width>179</width>
		<height>281</height>
		<depth>3</depth>
	</size>
	<segmented>0</segmented>
	<object>
		<name>robbermask</name>
		<pose>Unspecified</pose>
		<truncated>0</truncated>
		<difficult>0</difficult>
		<bndbox>
			<xmin>42</xmin>
			<ymin>2</ymin>
			<xmax>140</xmax>
			<ymax>115</ymax>
		</bndbox>
	</object>
</annotation>
