<annotation>
	<folder>robber</folder>
	<filename>19.jpg</filename>
	<path>C:\Users\nehas\OneDrive\Desktop\robber\19.jpg</path>
	<source>
		<database>Unknown</database>
	</source>
	<size>
		<width>275</width>
		<height>183</height>
		<depth>3</depth>
	</size>
	<segmented>0</segmented>
	<object>
		<name>robbermask</name>
		<pose>Unspecified</pose>
		<truncated>1</truncated>
		<difficult>0</difficult>
		<bndbox>
			<xmin>90</xmin>
			<ymin>1</ymin>
			<xmax>230</xmax>
			<ymax>113</ymax>
		</bndbox>
	</object>
</annotation>
