<annotation>
	<folder>robber</folder>
	<filename>2.jpg</filename>
	<path>C:\Users\nehas\OneDrive\Desktop\robber\2.jpg</path>
	<source>
		<database>Unknown</database>
	</source>
	<size>
		<width>194</width>
		<height>259</height>
		<depth>3</depth>
	</size>
	<segmented>0</segmented>
	<object>
		<name>robbermask</name>
		<pose>Unspecified</pose>
		<truncated>1</truncated>
		<difficult>0</difficult>
		<bndbox>
			<xmin>1</xmin>
			<ymin>1</ymin>
			<xmax>81</xmax>
			<ymax>129</ymax>
		</bndbox>
	</object>
	<object>
		<name>robbermask</name>
		<pose>Unspecified</pose>
		<truncated>1</truncated>
		<difficult>0</difficult>
		<bndbox>
			<xmin>103</xmin>
			<ymin>2</ymin>
			<xmax>194</xmax>
			<ymax>127</ymax>
		</bndbox>
	</object>
	<object>
		<name>robbermask</name>
		<pose>Unspecified</pose>
		<truncated>1</truncated>
		<difficult>0</difficult>
		<bndbox>
			<xmin>1</xmin>
			<ymin>136</ymin>
			<xmax>81</xmax>
			<ymax>259</ymax>
		</bndbox>
	</object>
	<object>
		<name>robbermask</name>
		<pose>Unspecified</pose>
		<truncated>1</truncated>
		<difficult>0</difficult>
		<bndbox>
			<xmin>108</xmin>
			<ymin>130</ymin>
			<xmax>194</xmax>
			<ymax>258</ymax>
		</bndbox>
	</object>
</annotation>
