<annotation>
	<folder>robber</folder>
	<filename>20.jpg</filename>
	<path>C:\Users\nehas\OneDrive\Desktop\robber\20.jpg</path>
	<source>
		<database>Unknown</database>
	</source>
	<size>
		<width>275</width>
		<height>183</height>
		<depth>3</depth>
	</size>
	<segmented>0</segmented>
	<object>
		<name>robbermask</name>
		<pose>Unspecified</pose>
		<truncated>0</truncated>
		<difficult>0</difficult>
		<bndbox>
			<xmin>129</xmin>
			<ymin>18</ymin>
			<xmax>242</xmax>
			<ymax>165</ymax>
		</bndbox>
	</object>
</annotation>
