<annotation>
	<folder>robber</folder>
	<filename>22.jpg</filename>
	<path>C:\Users\nehas\OneDrive\Desktop\robber\22.jpg</path>
	<source>
		<database>Unknown</database>
	</source>
	<size>
		<width>194</width>
		<height>259</height>
		<depth>3</depth>
	</size>
	<segmented>0</segmented>
	<object>
		<name>robbermask</name>
		<pose>Unspecified</pose>
		<truncated>0</truncated>
		<difficult>0</difficult>
		<bndbox>
			<xmin>19</xmin>
			<ymin>6</ymin>
			<xmax>172</xmax>
			<ymax>236</ymax>
		</bndbox>
	</object>
</annotation>
