<annotation>
	<folder>robber</folder>
	<filename>24.jpg</filename>
	<path>C:\Users\nehas\OneDrive\Desktop\robber\24.jpg</path>
	<source>
		<database>Unknown</database>
	</source>
	<size>
		<width>183</width>
		<height>275</height>
		<depth>1</depth>
	</size>
	<segmented>0</segmented>
	<object>
		<name>robbermask</name>
		<pose>Unspecified</pose>
		<truncated>0</truncated>
		<difficult>0</difficult>
		<bndbox>
			<xmin>47</xmin>
			<ymin>6</ymin>
			<xmax>163</xmax>
			<ymax>168</ymax>
		</bndbox>
	</object>
</annotation>
