<annotation>
	<folder>robber</folder>
	<filename>28.jpg</filename>
	<path>C:\Users\nehas\OneDrive\Desktop\robber\28.jpg</path>
	<source>
		<database>Unknown</database>
	</source>
	<size>
		<width>300</width>
		<height>168</height>
		<depth>3</depth>
	</size>
	<segmented>0</segmented>
	<object>
		<name>robbermask</name>
		<pose>Unspecified</pose>
		<truncated>1</truncated>
		<difficult>0</difficult>
		<bndbox>
			<xmin>16</xmin>
			<ymin>1</ymin>
			<xmax>268</xmax>
			<ymax>166</ymax>
		</bndbox>
	</object>
</annotation>
