<annotation>
	<folder>robber</folder>
	<filename>30.jpg</filename>
	<path>C:\Users\nehas\OneDrive\Desktop\robber\30.jpg</path>
	<source>
		<database>Unknown</database>
	</source>
	<size>
		<width>193</width>
		<height>262</height>
		<depth>3</depth>
	</size>
	<segmented>0</segmented>
	<object>
		<name>robbermask</name>
		<pose>Unspecified</pose>
		<truncated>0</truncated>
		<difficult>0</difficult>
		<bndbox>
			<xmin>26</xmin>
			<ymin>6</ymin>
			<xmax>153</xmax>
			<ymax>163</ymax>
		</bndbox>
	</object>
</annotation>
