<annotation>
	<folder>robber</folder>
	<filename>33.jpg</filename>
	<path>C:\Users\nehas\OneDrive\Desktop\robber\33.jpg</path>
	<source>
		<database>Unknown</database>
	</source>
	<size>
		<width>261</width>
		<height>193</height>
		<depth>3</depth>
	</size>
	<segmented>0</segmented>
	<object>
		<name>robbermask</name>
		<pose>Unspecified</pose>
		<truncated>0</truncated>
		<difficult>0</difficult>
		<bndbox>
			<xmin>87</xmin>
			<ymin>14</ymin>
			<xmax>168</xmax>
			<ymax>108</ymax>
		</bndbox>
	</object>
</annotation>
