<annotation>
	<folder>robber</folder>
	<filename>36.jpg</filename>
	<path>C:\Users\nehas\OneDrive\Desktop\robber\36.jpg</path>
	<source>
		<database>Unknown</database>
	</source>
	<size>
		<width>207</width>
		<height>244</height>
		<depth>3</depth>
	</size>
	<segmented>0</segmented>
	<object>
		<name>robbermask</name>
		<pose>Unspecified</pose>
		<truncated>0</truncated>
		<difficult>0</difficult>
		<bndbox>
			<xmin>40</xmin>
			<ymin>7</ymin>
			<xmax>85</xmax>
			<ymax>60</ymax>
		</bndbox>
	</object>
	<object>
		<name>robbermask</name>
		<pose>Unspecified</pose>
		<truncated>0</truncated>
		<difficult>0</difficult>
		<bndbox>
			<xmin>120</xmin>
			<ymin>8</ymin>
			<xmax>162</xmax>
			<ymax>59</ymax>
		</bndbox>
	</object>
</annotation>
