<annotation>
	<folder>robber</folder>
	<filename>37.jpg</filename>
	<path>C:\Users\nehas\OneDrive\Desktop\robber\37.jpg</path>
	<source>
		<database>Unknown</database>
	</source>
	<size>
		<width>154</width>
		<height>200</height>
		<depth>3</depth>
	</size>
	<segmented>0</segmented>
	<object>
		<name>robbermask</name>
		<pose>Unspecified</pose>
		<truncated>0</truncated>
		<difficult>0</difficult>
		<bndbox>
			<xmin>19</xmin>
			<ymin>3</ymin>
			<xmax>126</xmax>
			<ymax>139</ymax>
		</bndbox>
	</object>
</annotation>
