<annotation>
	<folder>robber</folder>
	<filename>39.jpg</filename>
	<path>C:\Users\nehas\OneDrive\Desktop\robber\39.jpg</path>
	<source>
		<database>Unknown</database>
	</source>
	<size>
		<width>275</width>
		<height>183</height>
		<depth>3</depth>
	</size>
	<segmented>0</segmented>
	<object>
		<name>robbermask</name>
		<pose>Unspecified</pose>
		<truncated>0</truncated>
		<difficult>0</difficult>
		<bndbox>
			<xmin>86</xmin>
			<ymin>54</ymin>
			<xmax>167</xmax>
			<ymax>165</ymax>
		</bndbox>
	</object>
</annotation>
