<annotation>
	<folder>robber</folder>
	<filename>40.jpg</filename>
	<path>C:\Users\nehas\OneDrive\Desktop\robber\40.jpg</path>
	<source>
		<database>Unknown</database>
	</source>
	<size>
		<width>276</width>
		<height>183</height>
		<depth>3</depth>
	</size>
	<segmented>0</segmented>
	<object>
		<name>robbermask</name>
		<pose>Unspecified</pose>
		<truncated>0</truncated>
		<difficult>0</difficult>
		<bndbox>
			<xmin>82</xmin>
			<ymin>9</ymin>
			<xmax>154</xmax>
			<ymax>95</ymax>
		</bndbox>
	</object>
</annotation>
