<annotation>
	<folder>robber</folder>
	<filename>51.jpg</filename>
	<path>C:\Users\nehas\OneDrive\Desktop\robber\51.jpg</path>
	<source>
		<database>Unknown</database>
	</source>
	<size>
		<width>275</width>
		<height>183</height>
		<depth>3</depth>
	</size>
	<segmented>0</segmented>
	<object>
		<name>robbermask</name>
		<pose>Unspecified</pose>
		<truncated>0</truncated>
		<difficult>0</difficult>
		<bndbox>
			<xmin>72</xmin>
			<ymin>6</ymin>
			<xmax>141</xmax>
			<ymax>83</ymax>
		</bndbox>
	</object>
	<object>
		<name>robbermask</name>
		<pose>Unspecified</pose>
		<truncated>0</truncated>
		<difficult>0</difficult>
		<bndbox>
			<xmin>152</xmin>
			<ymin>23</ymin>
			<xmax>213</xmax>
			<ymax>94</ymax>
		</bndbox>
	</object>
</annotation>
