<annotation>
	<folder>robber</folder>
	<filename>53.jpg</filename>
	<path>C:\Users\nehas\OneDrive\Desktop\robber\53.jpg</path>
	<source>
		<database>Unknown</database>
	</source>
	<size>
		<width>183</width>
		<height>276</height>
		<depth>3</depth>
	</size>
	<segmented>0</segmented>
	<object>
		<name>robbermask</name>
		<pose>Unspecified</pose>
		<truncated>1</truncated>
		<difficult>0</difficult>
		<bndbox>
			<xmin>17</xmin>
			<ymin>1</ymin>
			<xmax>171</xmax>
			<ymax>145</ymax>
		</bndbox>
	</object>
</annotation>
