<annotation>
	<folder>robber</folder>
	<filename>56.jpg</filename>
	<path>C:\Users\nehas\OneDrive\Desktop\robber\56.jpg</path>
	<source>
		<database>Unknown</database>
	</source>
	<size>
		<width>134</width>
		<height>178</height>
		<depth>3</depth>
	</size>
	<segmented>0</segmented>
	<object>
		<name>robbermask</name>
		<pose>Unspecified</pose>
		<truncated>0</truncated>
		<difficult>0</difficult>
		<bndbox>
			<xmin>48</xmin>
			<ymin>12</ymin>
			<xmax>101</xmax>
			<ymax>81</ymax>
		</bndbox>
	</object>
</annotation>
