<annotation>
	<folder>robber</folder>
	<filename>57.jpg</filename>
	<path>C:\Users\nehas\OneDrive\Desktop\robber\57.jpg</path>
	<source>
		<database>Unknown</database>
	</source>
	<size>
		<width>181</width>
		<height>279</height>
		<depth>3</depth>
	</size>
	<segmented>0</segmented>
	<object>
		<name>robbermask</name>
		<pose>Unspecified</pose>
		<truncated>0</truncated>
		<difficult>0</difficult>
		<bndbox>
			<xmin>38</xmin>
			<ymin>14</ymin>
			<xmax>142</xmax>
			<ymax>168</ymax>
		</bndbox>
	</object>
</annotation>
