<annotation>
	<folder>robber</folder>
	<filename>6.jpg</filename>
	<path>C:\Users\nehas\OneDrive\Desktop\robber\6.jpg</path>
	<source>
		<database>Unknown</database>
	</source>
	<size>
		<width>217</width>
		<height>232</height>
		<depth>3</depth>
	</size>
	<segmented>0</segmented>
	<object>
		<name>robbermask</name>
		<pose>Unspecified</pose>
		<truncated>0</truncated>
		<difficult>0</difficult>
		<bndbox>
			<xmin>31</xmin>
			<ymin>6</ymin>
			<xmax>179</xmax>
			<ymax>206</ymax>
		</bndbox>
	</object>
</annotation>
