<annotation>
	<folder>robber</folder>
	<filename>62.jpg</filename>
	<path>C:\Users\nehas\OneDrive\Desktop\robber\62.jpg</path>
	<source>
		<database>Unknown</database>
	</source>
	<size>
		<width>266</width>
		<height>189</height>
		<depth>3</depth>
	</size>
	<segmented>0</segmented>
	<object>
		<name>robbermask</name>
		<pose>Unspecified</pose>
		<truncated>0</truncated>
		<difficult>0</difficult>
		<bndbox>
			<xmin>108</xmin>
			<ymin>9</ymin>
			<xmax>169</xmax>
			<ymax>87</ymax>
		</bndbox>
	</object>
</annotation>
