<annotation>
	<folder>robber</folder>
	<filename>64.jpg</filename>
	<path>C:\Users\nehas\OneDrive\Desktop\robber\64.jpg</path>
	<source>
		<database>Unknown</database>
	</source>
	<size>
		<width>301</width>
		<height>167</height>
		<depth>3</depth>
	</size>
	<segmented>0</segmented>
	<object>
		<name>robbermask</name>
		<pose>Unspecified</pose>
		<truncated>0</truncated>
		<difficult>0</difficult>
		<bndbox>
			<xmin>93</xmin>
			<ymin>7</ymin>
			<xmax>207</xmax>
			<ymax>124</ymax>
		</bndbox>
	</object>
</annotation>
