<annotation>
	<folder>robber</folder>
	<filename>66.jpg</filename>
	<path>C:\Users\nehas\OneDrive\Desktop\robber\66.jpg</path>
	<source>
		<database>Unknown</database>
	</source>
	<size>
		<width>267</width>
		<height>189</height>
		<depth>3</depth>
	</size>
	<segmented>0</segmented>
	<object>
		<name>robbermask</name>
		<pose>Unspecified</pose>
		<truncated>0</truncated>
		<difficult>0</difficult>
		<bndbox>
			<xmin>95</xmin>
			<ymin>8</ymin>
			<xmax>183</xmax>
			<ymax>111</ymax>
		</bndbox>
	</object>
</annotation>
