<annotation>
	<folder>robber</folder>
	<filename>67.jpg</filename>
	<path>C:\Users\nehas\OneDrive\Desktop\robber\67.jpg</path>
	<source>
		<database>Unknown</database>
	</source>
	<size>
		<width>262</width>
		<height>193</height>
		<depth>3</depth>
	</size>
	<segmented>0</segmented>
	<object>
		<name>robbermask</name>
		<pose>Unspecified</pose>
		<truncated>0</truncated>
		<difficult>0</difficult>
		<bndbox>
			<xmin>84</xmin>
			<ymin>25</ymin>
			<xmax>157</xmax>
			<ymax>105</ymax>
		</bndbox>
	</object>
</annotation>
