<annotation>
	<folder>robber</folder>
	<filename>70.jpg</filename>
	<path>C:\Users\nehas\OneDrive\Desktop\robber\70.jpg</path>
	<source>
		<database>Unknown</database>
	</source>
	<size>
		<width>225</width>
		<height>225</height>
		<depth>3</depth>
	</size>
	<segmented>0</segmented>
	<object>
		<name>robbermask</name>
		<pose>Unspecified</pose>
		<truncated>0</truncated>
		<difficult>0</difficult>
		<bndbox>
			<xmin>65</xmin>
			<ymin>54</ymin>
			<xmax>162</xmax>
			<ymax>149</ymax>
		</bndbox>
	</object>
</annotation>
