<annotation>
	<folder>robber</folder>
	<filename>75.jpg</filename>
	<path>C:\Users\nehas\OneDrive\Desktop\robber\75.jpg</path>
	<source>
		<database>Unknown</database>
	</source>
	<size>
		<width>275</width>
		<height>183</height>
		<depth>3</depth>
	</size>
	<segmented>0</segmented>
	<object>
		<name>robbermask</name>
		<pose>Unspecified</pose>
		<truncated>0</truncated>
		<difficult>0</difficult>
		<bndbox>
			<xmin>100</xmin>
			<ymin>23</ymin>
			<xmax>149</xmax>
			<ymax>83</ymax>
		</bndbox>
	</object>
	<object>
		<name>robbermask</name>
		<pose>Unspecified</pose>
		<truncated>0</truncated>
		<difficult>0</difficult>
		<bndbox>
			<xmin>140</xmin>
			<ymin>12</ymin>
			<xmax>190</xmax>
			<ymax>68</ymax>
		</bndbox>
	</object>
</annotation>
