<annotation>
	<folder>robber</folder>
	<filename>76.jpg</filename>
	<path>C:\Users\nehas\OneDrive\Desktop\robber\76.jpg</path>
	<source>
		<database>Unknown</database>
	</source>
	<size>
		<width>275</width>
		<height>183</height>
		<depth>3</depth>
	</size>
	<segmented>0</segmented>
	<object>
		<name>robbermask</name>
		<pose>Unspecified</pose>
		<truncated>0</truncated>
		<difficult>0</difficult>
		<bndbox>
			<xmin>111</xmin>
			<ymin>36</ymin>
			<xmax>158</xmax>
			<ymax>99</ymax>
		</bndbox>
	</object>
</annotation>
