<annotation>
	<folder>robber</folder>
	<filename>79.jpg</filename>
	<path>C:\Users\nehas\OneDrive\Desktop\robber\79.jpg</path>
	<source>
		<database>Unknown</database>
	</source>
	<size>
		<width>265</width>
		<height>190</height>
		<depth>3</depth>
	</size>
	<segmented>0</segmented>
	<object>
		<name>robbermask</name>
		<pose>Unspecified</pose>
		<truncated>0</truncated>
		<difficult>0</difficult>
		<bndbox>
			<xmin>110</xmin>
			<ymin>29</ymin>
			<xmax>180</xmax>
			<ymax>121</ymax>
		</bndbox>
	</object>
</annotation>
