<annotation>
	<folder>robber</folder>
	<filename>9.jpg</filename>
	<path>C:\Users\nehas\OneDrive\Desktop\robber\9.jpg</path>
	<source>
		<database>Unknown</database>
	</source>
	<size>
		<width>205</width>
		<height>245</height>
		<depth>3</depth>
	</size>
	<segmented>0</segmented>
	<object>
		<name>robbermask</name>
		<pose>Unspecified</pose>
		<truncated>0</truncated>
		<difficult>0</difficult>
		<bndbox>
			<xmin>15</xmin>
			<ymin>8</ymin>
			<xmax>193</xmax>
			<ymax>235</ymax>
		</bndbox>
	</object>
</annotation>
