<annotation>
	<folder>NewGuns</folder>
	<filename>2 (18).jpg</filename>
	<path>C:\Users\arspiedy\Desktop\Guns\NewGuns\2 (18).jpg</path>
	<source>
		<database>Unknown</database>
	</source>
	<size>
		<width>320</width>
		<height>450</height>
		<depth>3</depth>
	</size>
	<segmented>0</segmented>
	<object>
		<name>rifle</name>
		<pose>Unspecified</pose>
		<truncated>0</truncated>
		<difficult>0</difficult>
		<bndbox>
			<xmin>88</xmin>
			<ymin>20</ymin>
			<xmax>174</xmax>
			<ymax>369</ymax>
		</bndbox>
	</object>
	<object>
		<name>rifle</name>
		<pose>Unspecified</pose>
		<truncated>0</truncated>
		<difficult>0</difficult>
		<bndbox>
			<xmin>168</xmin>
			<ymin>163</ymin>
			<xmax>190</xmax>
			<ymax>344</ymax>
		</bndbox>
	</object>
	<object>
		<name>rifle</name>
		<pose>Unspecified</pose>
		<truncated>0</truncated>
		<difficult>0</difficult>
		<bndbox>
			<xmin>262</xmin>
			<ymin>204</ymin>
			<xmax>292</xmax>
			<ymax>350</ymax>
		</bndbox>
	</object>
</annotation>
