<annotation>
	<folder>NewGuns</folder>
	<filename>2 (10).jpg</filename>
	<path>C:\Users\arspiedy\Desktop\Guns\NewGuns\2 (10).jpg</path>
	<source>
		<database>Unknown</database>
	</source>
	<size>
		<width>320</width>
		<height>450</height>
		<depth>3</depth>
	</size>
	<segmented>0</segmented>
	<object>
		<name>rifle</name>
		<pose>Unspecified</pose>
		<truncated>1</truncated>
		<difficult>0</difficult>
		<bndbox>
			<xmin>35</xmin>
			<ymin>276</ymin>
			<xmax>320</xmax>
			<ymax>396</ymax>
		</bndbox>
	</object>
	<object>
		<name>handgun</name>
		<pose>Unspecified</pose>
		<truncated>0</truncated>
		<difficult>0</difficult>
		<bndbox>
			<xmin>13</xmin>
			<ymin>49</ymin>
			<xmax>77</xmax>
			<ymax>144</ymax>
		</bndbox>
	</object>
</annotation>
