<annotation>
	<folder>NewGuns</folder>
	<filename>2 (49).jpg</filename>
	<path>C:\Users\arspiedy\Desktop\Guns\NewGuns\2 (49).jpg</path>
	<source>
		<database>Unknown</database>
	</source>
	<size>
		<width>320</width>
		<height>450</height>
		<depth>3</depth>
	</size>
	<segmented>0</segmented>
	<object>
		<name>rifle</name>
		<pose>Unspecified</pose>
		<truncated>0</truncated>
		<difficult>0</difficult>
		<bndbox>
			<xmin>22</xmin>
			<ymin>164</ymin>
			<xmax>96</xmax>
			<ymax>413</ymax>
		</bndbox>
	</object>
	<object>
		<name>rifle</name>
		<pose>Unspecified</pose>
		<truncated>1</truncated>
		<difficult>0</difficult>
		<bndbox>
			<xmin>207</xmin>
			<ymin>154</ymin>
			<xmax>320</xmax>
			<ymax>371</ymax>
		</bndbox>
	</object>
</annotation>
