<annotation>
	<folder>NewGuns</folder>
	<filename>2 (4).jpg</filename>
	<path>C:\Users\arspiedy\Desktop\Guns\NewGuns\2 (4).jpg</path>
	<source>
		<database>Unknown</database>
	</source>
	<size>
		<width>320</width>
		<height>450</height>
		<depth>3</depth>
	</size>
	<segmented>0</segmented>
	<object>
		<name>rifle</name>
		<pose>Unspecified</pose>
		<truncated>1</truncated>
		<difficult>0</difficult>
		<bndbox>
			<xmin>1</xmin>
			<ymin>94</ymin>
			<xmax>163</xmax>
			<ymax>381</ymax>
		</bndbox>
	</object>
	<object>
		<name>rifle</name>
		<pose>Unspecified</pose>
		<truncated>1</truncated>
		<difficult>0</difficult>
		<bndbox>
			<xmin>179</xmin>
			<ymin>82</ymin>
			<xmax>319</xmax>
			<ymax>450</ymax>
		</bndbox>
	</object>
</annotation>
