<annotation>
	<folder>NewGuns</folder>
	<filename>2 (5).jpg</filename>
	<path>C:\Users\arspiedy\Desktop\Guns\NewGuns\2 (5).jpg</path>
	<source>
		<database>Unknown</database>
	</source>
	<size>
		<width>320</width>
		<height>450</height>
		<depth>3</depth>
	</size>
	<segmented>0</segmented>
	<object>
		<name>rifle</name>
		<pose>Unspecified</pose>
		<truncated>0</truncated>
		<difficult>0</difficult>
		<bndbox>
			<xmin>40</xmin>
			<ymin>80</ymin>
			<xmax>289</xmax>
			<ymax>287</ymax>
		</bndbox>
	</object>
</annotation>
