<annotation>
	<folder>NewGuns</folder>
	<filename>2 (6).jpg</filename>
	<path>C:\Users\arspiedy\Desktop\Guns\NewGuns\2 (6).jpg</path>
	<source>
		<database>Unknown</database>
	</source>
	<size>
		<width>320</width>
		<height>450</height>
		<depth>3</depth>
	</size>
	<segmented>0</segmented>
	<object>
		<name>rifle</name>
		<pose>Unspecified</pose>
		<truncated>0</truncated>
		<difficult>0</difficult>
		<bndbox>
			<xmin>18</xmin>
			<ymin>257</ymin>
			<xmax>312</xmax>
			<ymax>400</ymax>
		</bndbox>
	</object>
	<object>
		<name>rifle</name>
		<pose>Unspecified</pose>
		<truncated>1</truncated>
		<difficult>0</difficult>
		<bndbox>
			<xmin>16</xmin>
			<ymin>1</ymin>
			<xmax>316</xmax>
			<ymax>230</ymax>
		</bndbox>
	</object>
</annotation>
