<annotation>
	<folder>NewGuns</folder>
	<filename>2 (78).jpg</filename>
	<path>C:\Users\arspiedy\Desktop\Guns\NewGuns\2 (78).jpg</path>
	<source>
		<database>Unknown</database>
	</source>
	<size>
		<width>320</width>
		<height>450</height>
		<depth>3</depth>
	</size>
	<segmented>0</segmented>
	<object>
		<name>rifle</name>
		<pose>Unspecified</pose>
		<truncated>0</truncated>
		<difficult>0</difficult>
		<bndbox>
			<xmin>169</xmin>
			<ymin>46</ymin>
			<xmax>244</xmax>
			<ymax>158</ymax>
		</bndbox>
	</object>
	<object>
		<name>rifle</name>
		<pose>Unspecified</pose>
		<truncated>0</truncated>
		<difficult>0</difficult>
		<bndbox>
			<xmin>82</xmin>
			<ymin>78</ymin>
			<xmax>132</xmax>
			<ymax>169</ymax>
		</bndbox>
	</object>
</annotation>
