<annotation>
	<folder>NewGuns</folder>
	<filename>2 (94).jpg</filename>
	<path>C:\Users\arspiedy\Desktop\Guns\NewGuns\2 (94).jpg</path>
	<source>
		<database>Unknown</database>
	</source>
	<size>
		<width>320</width>
		<height>450</height>
		<depth>3</depth>
	</size>
	<segmented>0</segmented>
	<object>
		<name>rifle</name>
		<pose>Unspecified</pose>
		<truncated>0</truncated>
		<difficult>0</difficult>
		<bndbox>
			<xmin>13</xmin>
			<ymin>134</ymin>
			<xmax>275</xmax>
			<ymax>438</ymax>
		</bndbox>
	</object>
	<object>
		<name>rifle</name>
		<pose>Unspecified</pose>
		<truncated>1</truncated>
		<difficult>0</difficult>
		<bndbox>
			<xmin>94</xmin>
			<ymin>1</ymin>
			<xmax>169</xmax>
			<ymax>206</ymax>
		</bndbox>
	</object>
</annotation>
