<annotation>
	<folder>NewGuns</folder>
	<filename>2 (90).jpg</filename>
	<path>C:\Users\arspiedy\Desktop\Guns\NewGuns\2 (90).jpg</path>
	<source>
		<database>Unknown</database>
	</source>
	<size>
		<width>320</width>
		<height>450</height>
		<depth>3</depth>
	</size>
	<segmented>0</segmented>
	<object>
		<name>handgun</name>
		<pose>Unspecified</pose>
		<truncated>0</truncated>
		<difficult>0</difficult>
		<bndbox>
			<xmin>177</xmin>
			<ymin>204</ymin>
			<xmax>282</xmax>
			<ymax>308</ymax>
		</bndbox>
	</object>
	<object>
		<name>rifle</name>
		<pose>Unspecified</pose>
		<truncated>0</truncated>
		<difficult>0</difficult>
		<bndbox>
			<xmin>179</xmin>
			<ymin>202</ymin>
			<xmax>281</xmax>
			<ymax>308</ymax>
		</bndbox>
	</object>
</annotation>
