<annotation>
	<folder>NewGuns</folder>
	<filename>2 (9).jpg</filename>
	<path>C:\Users\arspiedy\Desktop\Guns\NewGuns\2 (9).jpg</path>
	<source>
		<database>Unknown</database>
	</source>
	<size>
		<width>320</width>
		<height>450</height>
		<depth>3</depth>
	</size>
	<segmented>0</segmented>
	<object>
		<name>rifle</name>
		<pose>Unspecified</pose>
		<truncated>0</truncated>
		<difficult>0</difficult>
		<bndbox>
			<xmin>98</xmin>
			<ymin>187</ymin>
			<xmax>312</xmax>
			<ymax>436</ymax>
		</bndbox>
	</object>
	<object>
		<name>handgun</name>
		<pose>Unspecified</pose>
		<truncated>0</truncated>
		<difficult>0</difficult>
		<bndbox>
			<xmin>199</xmin>
			<ymin>300</ymin>
			<xmax>284</xmax>
			<ymax>393</ymax>
		</bndbox>
	</object>
</annotation>
